gageid,agency,domain
15056210,USGS,Alaska
15200280,USGS,Alaska
15209700,USGS,Alaska
15226620,USGS,Alaska
15236900,USGS,Alaska
15238600,USGS,Alaska
15238978,USGS,Alaska
15238986,USGS,Alaska
15239050,USGS,Alaska
15243900,USGS,Alaska
15258000,USGS,Alaska
15266110,USGS,Alaska
15271000,USGS,Alaska
15272380,USGS,Alaska
15274600,USGS,Alaska
15275100,USGS,Alaska
15276000,USGS,Alaska
15281000,USGS,Alaska
15283700,USGS,Alaska
15284000,USGS,Alaska
15290000,USGS,Alaska
15292000,USGS,Alaska
15292700,USGS,Alaska
15292800,USGS,Alaska
15293200,USGS,Alaska
15293700,USGS,Alaska
15294005,USGS,Alaska
15493000,USGS,Alaska
01010000,USGS,CONUS
01011000,USGS,CONUS
01013500,USGS,CONUS
01015800,USGS,CONUS
01021480,USGS,CONUS
01027200,USGS,CONUS
01029200,USGS,CONUS
01029500,USGS,CONUS
01030500,USGS,CONUS
01031300,USGS,CONUS
01031500,USGS,CONUS
01031510,USGS,CONUS
01037380,USGS,CONUS
01038000,USGS,CONUS
01044550,USGS,CONUS
01046000,USGS,CONUS
01047000,USGS,CONUS
01047200,USGS,CONUS
01048000,USGS,CONUS
01048220,USGS,CONUS
01052500,USGS,CONUS
01054200,USGS,CONUS
01054300,USGS,CONUS
01055000,USGS,CONUS
01057000,USGS,CONUS
01064500,USGS,CONUS
01064801,USGS,CONUS
01067950,USGS,CONUS
01069700,USGS,CONUS
01073000,USGS,CONUS
01073500,USGS,CONUS
01074520,USGS,CONUS
01075000,USGS,CONUS
01077400,USGS,CONUS
01078000,USGS,CONUS
01082000,USGS,CONUS
01086000,USGS,CONUS
01089100,USGS,CONUS
01091000,USGS,CONUS
01093852,USGS,CONUS
01095220,USGS,CONUS
01096000,USGS,CONUS
010965852,USGS,CONUS
01097000,USGS,CONUS
01100600,USGS,CONUS
01101000,USGS,CONUS
01105000,USGS,CONUS
01105933,USGS,CONUS
01108000,USGS,CONUS
01115187,USGS,CONUS
01115630,USGS,CONUS
01116905,USGS,CONUS
01117370,USGS,CONUS
01117468,USGS,CONUS
01117800,USGS,CONUS
01118000,USGS,CONUS
01121000,USGS,CONUS
01123000,USGS,CONUS
01127500,USGS,CONUS
01130000,USGS,CONUS
01134500,USGS,CONUS
01135300,USGS,CONUS
01135500,USGS,CONUS
01137500,USGS,CONUS
01139000,USGS,CONUS
01142500,USGS,CONUS
01144000,USGS,CONUS
01150900,USGS,CONUS
01152500,USGS,CONUS
01154000,USGS,CONUS
01162500,USGS,CONUS
01169000,USGS,CONUS
01170100,USGS,CONUS
01171500,USGS,CONUS
01174565,USGS,CONUS
01181000,USGS,CONUS
01187300,USGS,CONUS
01193500,USGS,CONUS
01194000,USGS,CONUS
01194500,USGS,CONUS
01197500,USGS,CONUS
01198000,USGS,CONUS
01200000,USGS,CONUS
01201487,USGS,CONUS
012035055,USGS,CONUS
01203805,USGS,CONUS
01208990,USGS,CONUS
01321000,USGS,CONUS
01330000,USGS,CONUS
01332500,USGS,CONUS
01333000,USGS,CONUS
01334000,USGS,CONUS
01343060,USGS,CONUS
01350000,USGS,CONUS
01350035,USGS,CONUS
01350080,USGS,CONUS
01350140,USGS,CONUS
01362200,USGS,CONUS
0136230002,USGS,CONUS
01362370,USGS,CONUS
01362497,USGS,CONUS
01363382,USGS,CONUS
01365000,USGS,CONUS
01367500,USGS,CONUS
01372500,USGS,CONUS
0137449480,USGS,CONUS
01374559,USGS,CONUS
0137462010,USGS,CONUS
01374781,USGS,CONUS
01374890,USGS,CONUS
01379000,USGS,CONUS
01381400,USGS,CONUS
01384500,USGS,CONUS
01387450,USGS,CONUS
01387500,USGS,CONUS
01390450,USGS,CONUS
01391500,USGS,CONUS
01396660,USGS,CONUS
01397000,USGS,CONUS
01400000,USGS,CONUS
01403900,USGS,CONUS
01409810,USGS,CONUS
01411300,USGS,CONUS
01413408,USGS,CONUS
01413500,USGS,CONUS
01414000,USGS,CONUS
01414500,USGS,CONUS
01415000,USGS,CONUS
01421618,USGS,CONUS
01421900,USGS,CONUS
01422500,USGS,CONUS
01423000,USGS,CONUS
0142400103,USGS,CONUS
01434017,USGS,CONUS
01434498,USGS,CONUS
01439500,USGS,CONUS
01440000,USGS,CONUS
01440400,USGS,CONUS
01447720,USGS,CONUS
01451800,USGS,CONUS
01464000,USGS,CONUS
01465500,USGS,CONUS
01467042,USGS,CONUS
01470500,USGS,CONUS
01471875,USGS,CONUS
01473000,USGS,CONUS
01478245,USGS,CONUS
01481000,USGS,CONUS
01485000,USGS,CONUS
01485500,USGS,CONUS
01487000,USGS,CONUS
01490000,USGS,CONUS
01491000,USGS,CONUS
01492500,USGS,CONUS
01493500,USGS,CONUS
01502500,USGS,CONUS
01505000,USGS,CONUS
01509000,USGS,CONUS
01510000,USGS,CONUS
01516500,USGS,CONUS
01518862,USGS,CONUS
01525981,USGS,CONUS
01527500,USGS,CONUS
01532000,USGS,CONUS
01534000,USGS,CONUS
01539000,USGS,CONUS
01543000,USGS,CONUS
01544500,USGS,CONUS
01545600,USGS,CONUS
01547700,USGS,CONUS
01547950,USGS,CONUS
01548500,USGS,CONUS
01549500,USGS,CONUS
01550000,USGS,CONUS
01552000,USGS,CONUS
01552500,USGS,CONUS
01555000,USGS,CONUS
01556000,USGS,CONUS
01557500,USGS,CONUS
01558000,USGS,CONUS
01564500,USGS,CONUS
01566000,USGS,CONUS
01567500,USGS,CONUS
01568000,USGS,CONUS
01571184,USGS,CONUS
01571500,USGS,CONUS
01573000,USGS,CONUS
01580000,USGS,CONUS
01581810,USGS,CONUS
01581870,USGS,CONUS
01583500,USGS,CONUS
01586610,USGS,CONUS
01591400,USGS,CONUS
01594526,USGS,CONUS
01595000,USGS,CONUS
01596500,USGS,CONUS
01599000,USGS,CONUS
01601000,USGS,CONUS
01605500,USGS,CONUS
01606000,USGS,CONUS
01609000,USGS,CONUS
01610155,USGS,CONUS
01611500,USGS,CONUS
01613095,USGS,CONUS
01613525,USGS,CONUS
01613900,USGS,CONUS
01615000,USGS,CONUS
01616500,USGS,CONUS
01620500,USGS,CONUS
01632000,USGS,CONUS
01632900,USGS,CONUS
01634500,USGS,CONUS
01636690,USGS,CONUS
01638480,USGS,CONUS
01639500,USGS,CONUS
01643000,USGS,CONUS
01643700,USGS,CONUS
01644000,USGS,CONUS
01645000,USGS,CONUS
01649500,USGS,CONUS
01651000,USGS,CONUS
01653600,USGS,CONUS
01661050,USGS,CONUS
01662800,USGS,CONUS
01664000,USGS,CONUS
01665500,USGS,CONUS
01666500,USGS,CONUS
01669000,USGS,CONUS
01669520,USGS,CONUS
01673800,USGS,CONUS
02011400,USGS,CONUS
02011460,USGS,CONUS
02013000,USGS,CONUS
02014000,USGS,CONUS
02015700,USGS,CONUS
02017500,USGS,CONUS
02018500,USGS,CONUS
02024915,USGS,CONUS
02027000,USGS,CONUS
02027500,USGS,CONUS
02028500,USGS,CONUS
02030500,USGS,CONUS
02032640,USGS,CONUS
02046000,USGS,CONUS
02051000,USGS,CONUS
02051500,USGS,CONUS
02053200,USGS,CONUS
02053800,USGS,CONUS
02055100,USGS,CONUS
02056900,USGS,CONUS
02059500,USGS,CONUS
02065500,USGS,CONUS
02069700,USGS,CONUS
02070000,USGS,CONUS
02070500,USGS,CONUS
02074500,USGS,CONUS
02077200,USGS,CONUS
02079640,USGS,CONUS
0208111310,USGS,CONUS
02081500,USGS,CONUS
02082770,USGS,CONUS
02082950,USGS,CONUS
02084160,USGS,CONUS
02087359,USGS,CONUS
02091000,USGS,CONUS
02092500,USGS,CONUS
0209399200,USGS,CONUS
02095000,USGS,CONUS
02108000,USGS,CONUS
02110500,USGS,CONUS
02111180,USGS,CONUS
02111500,USGS,CONUS
02118500,USGS,CONUS
0212467595,USGS,CONUS
02128000,USGS,CONUS
02132320,USGS,CONUS
02137727,USGS,CONUS
02140991,USGS,CONUS
02142000,USGS,CONUS
0214269560,USGS,CONUS
02143000,USGS,CONUS
02143040,USGS,CONUS
021459367,USGS,CONUS
02147500,USGS,CONUS
02149000,USGS,CONUS
02152100,USGS,CONUS
02157470,USGS,CONUS
02160381,USGS,CONUS
021652801,USGS,CONUS
02167450,USGS,CONUS
02177000,USGS,CONUS
02178400,USGS,CONUS
02192500,USGS,CONUS
02193340,USGS,CONUS
02196000,USGS,CONUS
02198100,USGS,CONUS
02198690,USGS,CONUS
02201000,USGS,CONUS
02202600,USGS,CONUS
02204130,USGS,CONUS
02207385,USGS,CONUS
02208150,USGS,CONUS
02212600,USGS,CONUS
02215100,USGS,CONUS
02216180,USGS,CONUS
02217475,USGS,CONUS
02219000,USGS,CONUS
02221525,USGS,CONUS
02228500,USGS,CONUS
02231342,USGS,CONUS
02235200,USGS,CONUS
02236500,USGS,CONUS
02245500,USGS,CONUS
02247510,USGS,CONUS
02266200,USGS,CONUS
02266480,USGS,CONUS
02296500,USGS,CONUS
02297155,USGS,CONUS
02298123,USGS,CONUS
02298488,USGS,CONUS
02299472,USGS,CONUS
02299950,USGS,CONUS
02300033,USGS,CONUS
02300700,USGS,CONUS
02301990,USGS,CONUS
02303350,USGS,CONUS
02303420,USGS,CONUS
02307359,USGS,CONUS
02310525,USGS,CONUS
02310947,USGS,CONUS
02312200,USGS,CONUS
02314500,USGS,CONUS
023177483,USGS,CONUS
02320700,USGS,CONUS
02321000,USGS,CONUS
02324000,USGS,CONUS
02324400,USGS,CONUS
02326000,USGS,CONUS
02326900,USGS,CONUS
02327100,USGS,CONUS
02330400,USGS,CONUS
02330450,USGS,CONUS
02331000,USGS,CONUS
02335580,USGS,CONUS
02335870,USGS,CONUS
02336120,USGS,CONUS
02336152,USGS,CONUS
02336526,USGS,CONUS
02336910,USGS,CONUS
02336968,USGS,CONUS
02338523,USGS,CONUS
02339495,USGS,CONUS
02342850,USGS,CONUS
02343225,USGS,CONUS
02343940,USGS,CONUS
02344620,USGS,CONUS
02349605,USGS,CONUS
02349900,USGS,CONUS
02350600,USGS,CONUS
02359500,USGS,CONUS
02361000,USGS,CONUS
02362240,USGS,CONUS
02363000,USGS,CONUS
02365470,USGS,CONUS
02365769,USGS,CONUS
02366000,USGS,CONUS
02366996,USGS,CONUS
02369800,USGS,CONUS
02370500,USGS,CONUS
02371500,USGS,CONUS
02372250,USGS,CONUS
02373000,USGS,CONUS
02374500,USGS,CONUS
02374745,USGS,CONUS
02374950,USGS,CONUS
02378170,USGS,CONUS
02380500,USGS,CONUS
02384500,USGS,CONUS
02387600,USGS,CONUS
02388975,USGS,CONUS
02390000,USGS,CONUS
02390140,USGS,CONUS
02392975,USGS,CONUS
02395120,USGS,CONUS
02400680,USGS,CONUS
02408540,USGS,CONUS
02415000,USGS,CONUS
02418760,USGS,CONUS
02421000,USGS,CONUS
02422500,USGS,CONUS
02423130,USGS,CONUS
02423400,USGS,CONUS
02427250,USGS,CONUS
02430085,USGS,CONUS
02430880,USGS,CONUS
02438000,USGS,CONUS
02448900,USGS,CONUS
02450250,USGS,CONUS
02450825,USGS,CONUS
02453000,USGS,CONUS
02455980,USGS,CONUS
02457595,USGS,CONUS
02464000,USGS,CONUS
02465493,USGS,CONUS
02467500,USGS,CONUS
02469800,USGS,CONUS
02470072,USGS,CONUS
02472000,USGS,CONUS
02472500,USGS,CONUS
02472850,USGS,CONUS
02479155,USGS,CONUS
02479300,USGS,CONUS
02479560,USGS,CONUS
02479945,USGS,CONUS
02481000,USGS,CONUS
02481510,USGS,CONUS
02481880,USGS,CONUS
02AB021,ENVCA,CONUS
02AC001,ENVCA,CONUS
02AD010,ENVCA,CONUS
02BA003,ENVCA,CONUS
02BB003,ENVCA,CONUS
02BC006,ENVCA,CONUS
02BF002,ENVCA,CONUS
02CF011,ENVCA,CONUS
02DC012,ENVCA,CONUS
02EA018,ENVCA,CONUS
02EB014,ENVCA,CONUS
02ED003,ENVCA,CONUS
02FA004,ENVCA,CONUS
02FB007,ENVCA,CONUS
02FD001,ENVCA,CONUS
02FE008,ENVCA,CONUS
02FF007,ENVCA,CONUS
02GB007,ENVCA,CONUS
02GC002,ENVCA,CONUS
02GG003,ENVCA,CONUS
02GH002,ENVCA,CONUS
02HA006,ENVCA,CONUS
02HB029,ENVCA,CONUS
02HC025,ENVCA,CONUS
02HD012,ENVCA,CONUS
02HL005,ENVCA,CONUS
02HM010,ENVCA,CONUS
03010655,USGS,CONUS
03010820,USGS,CONUS
03011800,USGS,CONUS
03015500,USGS,CONUS
03021350,USGS,CONUS
03028000,USGS,CONUS
03029000,USGS,CONUS
03032500,USGS,CONUS
03042000,USGS,CONUS
03045000,USGS,CONUS
03050000,USGS,CONUS
03052000,USGS,CONUS
03052500,USGS,CONUS
03065000,USGS,CONUS
03068800,USGS,CONUS
03069500,USGS,CONUS
03070500,USGS,CONUS
03072000,USGS,CONUS
03075905,USGS,CONUS
03076600,USGS,CONUS
03078000,USGS,CONUS
03093000,USGS,CONUS
03110830,USGS,CONUS
03114500,USGS,CONUS
03115400,USGS,CONUS
03140000,USGS,CONUS
03141870,USGS,CONUS
03144000,USGS,CONUS
03145483,USGS,CONUS
03149500,USGS,CONUS
03151400,USGS,CONUS
03154000,USGS,CONUS
03159540,USGS,CONUS
03161000,USGS,CONUS
03164000,USGS,CONUS
03165000,USGS,CONUS
03170000,USGS,CONUS
03173000,USGS,CONUS
03175500,USGS,CONUS
03177710,USGS,CONUS
03180500,USGS,CONUS
03183500,USGS,CONUS
03186500,USGS,CONUS
03187500,USGS,CONUS
03198350,USGS,CONUS
03201405,USGS,CONUS
03201902,USGS,CONUS
03202400,USGS,CONUS
03206600,USGS,CONUS
03207800,USGS,CONUS
03208950,USGS,CONUS
03210000,USGS,CONUS
03212750,USGS,CONUS
03212980,USGS,CONUS
03213500,USGS,CONUS
03217500,USGS,CONUS
03228750,USGS,CONUS
03230310,USGS,CONUS
03230500,USGS,CONUS
03237280,USGS,CONUS
03237500,USGS,CONUS
03241500,USGS,CONUS
03248300,USGS,CONUS
03251200,USGS,CONUS
03252300,USGS,CONUS
03254550,USGS,CONUS
03271300,USGS,CONUS
03272700,USGS,CONUS
03275000,USGS,CONUS
03277075,USGS,CONUS
03277130,USGS,CONUS
03277300,USGS,CONUS
03280700,USGS,CONUS
03281100,USGS,CONUS
03281500,USGS,CONUS
03282040,USGS,CONUS
03282500,USGS,CONUS
03285000,USGS,CONUS
03291500,USGS,CONUS
03291780,USGS,CONUS
03292474,USGS,CONUS
03300400,USGS,CONUS
03302680,USGS,CONUS
03307000,USGS,CONUS
03314000,USGS,CONUS
03318800,USGS,CONUS
03328000,USGS,CONUS
03339500,USGS,CONUS
03340800,USGS,CONUS
03346000,USGS,CONUS
03351072,USGS,CONUS
03357330,USGS,CONUS
03361650,USGS,CONUS
03364500,USGS,CONUS
03366500,USGS,CONUS
03368000,USGS,CONUS
03373508,USGS,CONUS
03378635,USGS,CONUS
03379500,USGS,CONUS
03384450,USGS,CONUS
03403910,USGS,CONUS
03408500,USGS,CONUS
03409500,USGS,CONUS
03413200,USGS,CONUS
03415000,USGS,CONUS
03424730,USGS,CONUS
03431599,USGS,CONUS
03431800,USGS,CONUS
03432350,USGS,CONUS
03433500,USGS,CONUS
03436690,USGS,CONUS
03439000,USGS,CONUS
03441000,USGS,CONUS
0344894205,USGS,CONUS
03455500,USGS,CONUS
03456500,USGS,CONUS
03460000,USGS,CONUS
03463300,USGS,CONUS
03471500,USGS,CONUS
03479000,USGS,CONUS
03488000,USGS,CONUS
03491000,USGS,CONUS
03497300,USGS,CONUS
03500000,USGS,CONUS
03500240,USGS,CONUS
03504000,USGS,CONUS
03518500,USGS,CONUS
03527220,USGS,CONUS
03535000,USGS,CONUS
03535400,USGS,CONUS
03539778,USGS,CONUS
03544970,USGS,CONUS
03567340,USGS,CONUS
03574500,USGS,CONUS
03578000,USGS,CONUS
03578500,USGS,CONUS
03588500,USGS,CONUS
03597590,USGS,CONUS
03599450,USGS,CONUS
03604000,USGS,CONUS
03605078,USGS,CONUS
04015330,USGS,CONUS
04024430,USGS,CONUS
04027000,USGS,CONUS
04031000,USGS,CONUS
04033000,USGS,CONUS
04040500,USGS,CONUS
04043050,USGS,CONUS
04043150,USGS,CONUS
04043244,USGS,CONUS
04045500,USGS,CONUS
04046000,USGS,CONUS
04056500,USGS,CONUS
04057510,USGS,CONUS
04057800,USGS,CONUS
04059500,USGS,CONUS
04060993,USGS,CONUS
04063700,USGS,CONUS
04066500,USGS,CONUS
04067958,USGS,CONUS
04073365,USGS,CONUS
04074950,USGS,CONUS
04080000,USGS,CONUS
04085200,USGS,CONUS
04085427,USGS,CONUS
04086500,USGS,CONUS
04100500,USGS,CONUS
04101370,USGS,CONUS
04104945,USGS,CONUS
04105700,USGS,CONUS
04112850,USGS,CONUS
04114498,USGS,CONUS
04115265,USGS,CONUS
04117500,USGS,CONUS
04118500,USGS,CONUS
04122200,USGS,CONUS
04122500,USGS,CONUS
04124000,USGS,CONUS
04124500,USGS,CONUS
04126970,USGS,CONUS
04127800,USGS,CONUS
04127997,USGS,CONUS
04136000,USGS,CONUS
04142000,USGS,CONUS
04144500,USGS,CONUS
04146063,USGS,CONUS
04148140,USGS,CONUS
04152238,USGS,CONUS
04159492,USGS,CONUS
04161540,USGS,CONUS
04163400,USGS,CONUS
04164500,USGS,CONUS
04166000,USGS,CONUS
04180988,USGS,CONUS
04185000,USGS,CONUS
04189000,USGS,CONUS
04196800,USGS,CONUS
04197100,USGS,CONUS
04197170,USGS,CONUS
04199155,USGS,CONUS
04199500,USGS,CONUS
04207200,USGS,CONUS
04208000,USGS,CONUS
04209000,USGS,CONUS
04213000,USGS,CONUS
04213500,USGS,CONUS
04214500,USGS,CONUS
04215000,USGS,CONUS
04215500,USGS,CONUS
04216418,USGS,CONUS
04217000,USGS,CONUS
04218000,USGS,CONUS
04221000,USGS,CONUS
04224775,USGS,CONUS
04229500,USGS,CONUS
04230500,USGS,CONUS
04231000,USGS,CONUS
0423205010,USGS,CONUS
04233286,USGS,CONUS
04234000,USGS,CONUS
04242500,USGS,CONUS
04243500,USGS,CONUS
04252500,USGS,CONUS
04256000,USGS,CONUS
04262500,USGS,CONUS
04265432,USGS,CONUS
04268800,USGS,CONUS
04273700,USGS,CONUS
04273800,USGS,CONUS
04275000,USGS,CONUS
04280450,USGS,CONUS
04282000,USGS,CONUS
04282500,USGS,CONUS
04282525,USGS,CONUS
04282650,USGS,CONUS
04282780,USGS,CONUS
04286000,USGS,CONUS
04288000,USGS,CONUS
04292000,USGS,CONUS
04293000,USGS,CONUS
04293500,USGS,CONUS
04296000,USGS,CONUS
05014300,USGS,CONUS
05056000,USGS,CONUS
05056100,USGS,CONUS
05056200,USGS,CONUS
05057000,USGS,CONUS
05057200,USGS,CONUS
05059600,USGS,CONUS
05061000,USGS,CONUS
05061500,USGS,CONUS
05062500,USGS,CONUS
05078500,USGS,CONUS
05087500,USGS,CONUS
05120500,USGS,CONUS
05123400,USGS,CONUS
05127500,USGS,CONUS
05129115,USGS,CONUS
05131500,USGS,CONUS
05132000,USGS,CONUS
05212700,USGS,CONUS
05245100,USGS,CONUS
05275000,USGS,CONUS
05290000,USGS,CONUS
05291000,USGS,CONUS
05293000,USGS,CONUS
05315000,USGS,CONUS
05316970,USGS,CONUS
05316992,USGS,CONUS
05317000,USGS,CONUS
05317200,USGS,CONUS
05319500,USGS,CONUS
05327000,USGS,CONUS
05336700,USGS,CONUS
05353800,USGS,CONUS
05357335,USGS,CONUS
05362000,USGS,CONUS
05368000,USGS,CONUS
05383950,USGS,CONUS
05387440,USGS,CONUS
05389000,USGS,CONUS
05389400,USGS,CONUS
05393500,USGS,CONUS
05399500,USGS,CONUS
05407470,USGS,CONUS
05411850,USGS,CONUS
05412400,USGS,CONUS
05413500,USGS,CONUS
05414000,USGS,CONUS
05420680,USGS,CONUS
05426000,USGS,CONUS
05426067,USGS,CONUS
05431486,USGS,CONUS
05444000,USGS,CONUS
05447500,USGS,CONUS
05451210,USGS,CONUS
05454000,USGS,CONUS
05455500,USGS,CONUS
05458000,USGS,CONUS
05459500,USGS,CONUS
05464220,USGS,CONUS
05466500,USGS,CONUS
05467000,USGS,CONUS
05473450,USGS,CONUS
05478265,USGS,CONUS
05480820,USGS,CONUS
05481950,USGS,CONUS
05482300,USGS,CONUS
05483450,USGS,CONUS
05487980,USGS,CONUS
05488200,USGS,CONUS
05489000,USGS,CONUS
05494300,USGS,CONUS
05495500,USGS,CONUS
05498150,USGS,CONUS
05498700,USGS,CONUS
05501000,USGS,CONUS
05503800,USGS,CONUS
05506100,USGS,CONUS
05507600,USGS,CONUS
05508805,USGS,CONUS
05514500,USGS,CONUS
05514840,USGS,CONUS
05516500,USGS,CONUS
05525500,USGS,CONUS
05551200,USGS,CONUS
05551675,USGS,CONUS
05556500,USGS,CONUS
05567500,USGS,CONUS
05569500,USGS,CONUS
05570000,USGS,CONUS
05577500,USGS,CONUS
05584500,USGS,CONUS
05587000,USGS,CONUS
05591550,USGS,CONUS
05592050,USGS,CONUS
05592575,USGS,CONUS
05593575,USGS,CONUS
05593900,USGS,CONUS
05595730,USGS,CONUS
06024450,USGS,CONUS
06024540,USGS,CONUS
06025250,USGS,CONUS
06025500,USGS,CONUS
06036805,USGS,CONUS
06036905,USGS,CONUS
06037100,USGS,CONUS
06037500,USGS,CONUS
06043500,USGS,CONUS
06061500,USGS,CONUS
06073500,USGS,CONUS
06091700,USGS,CONUS
06093200,USGS,CONUS
06099500,USGS,CONUS
06102500,USGS,CONUS
06108000,USGS,CONUS
06119600,USGS,CONUS
06120500,USGS,CONUS
06139500,USGS,CONUS
06151500,USGS,CONUS
06186500,USGS,CONUS
06187915,USGS,CONUS
06195600,USGS,CONUS
06209500,USGS,CONUS
06218500,USGS,CONUS
06220800,USGS,CONUS
06221400,USGS,CONUS
06224000,USGS,CONUS
06278300,USGS,CONUS
06280300,USGS,CONUS
06289000,USGS,CONUS
06309200,USGS,CONUS
06311000,USGS,CONUS
06331000,USGS,CONUS
06332515,USGS,CONUS
06334500,USGS,CONUS
06336600,USGS,CONUS
06339100,USGS,CONUS
06342450,USGS,CONUS
06344600,USGS,CONUS
06347000,USGS,CONUS
06347500,USGS,CONUS
06350000,USGS,CONUS
06351200,USGS,CONUS
06352000,USGS,CONUS
06353000,USGS,CONUS
06360500,USGS,CONUS
06392900,USGS,CONUS
06400000,USGS,CONUS
06402430,USGS,CONUS
06404000,USGS,CONUS
06409000,USGS,CONUS
06422500,USGS,CONUS
06424000,USGS,CONUS
06429500,USGS,CONUS
06430770,USGS,CONUS
06430850,USGS,CONUS
06431500,USGS,CONUS
06437020,USGS,CONUS
06440200,USGS,CONUS
06441500,USGS,CONUS
06446500,USGS,CONUS
06447230,USGS,CONUS
06447500,USGS,CONUS
06453600,USGS,CONUS
06464500,USGS,CONUS
06466500,USGS,CONUS
06468170,USGS,CONUS
06469400,USGS,CONUS
06470800,USGS,CONUS
06471200,USGS,CONUS
06477500,USGS,CONUS
06478690,USGS,CONUS
06479215,USGS,CONUS
06479438,USGS,CONUS
06482610,USGS,CONUS
06601000,USGS,CONUS
06605850,USGS,CONUS
06607200,USGS,CONUS
06608500,USGS,CONUS
06609500,USGS,CONUS
06620000,USGS,CONUS
06622700,USGS,CONUS
06623800,USGS,CONUS
06625000,USGS,CONUS
06632400,USGS,CONUS
06708800,USGS,CONUS
06709000,USGS,CONUS
06710150,USGS,CONUS
06710385,USGS,CONUS
06775500,USGS,CONUS
06784000,USGS,CONUS
06795500,USGS,CONUS
06799100,USGS,CONUS
06800000,USGS,CONUS
06803000,USGS,CONUS
06803510,USGS,CONUS
06803530,USGS,CONUS
06806500,USGS,CONUS
06807410,USGS,CONUS
06809210,USGS,CONUS
06811500,USGS,CONUS
06813000,USGS,CONUS
06814000,USGS,CONUS
06815000,USGS,CONUS
06817000,USGS,CONUS
06819185,USGS,CONUS
06821080,USGS,CONUS
06821500,USGS,CONUS
06823500,USGS,CONUS
06846500,USGS,CONUS
06847900,USGS,CONUS
06853800,USGS,CONUS
06863420,USGS,CONUS
06866900,USGS,CONUS
06868850,USGS,CONUS
06869950,USGS,CONUS
06876700,USGS,CONUS
06878000,USGS,CONUS
06883000,USGS,CONUS
06884200,USGS,CONUS
06885500,USGS,CONUS
06886500,USGS,CONUS
06888000,USGS,CONUS
06888500,USGS,CONUS
06889200,USGS,CONUS
06890100,USGS,CONUS
06893500,USGS,CONUS
06895000,USGS,CONUS
06898000,USGS,CONUS
06899700,USGS,CONUS
06903400,USGS,CONUS
06903700,USGS,CONUS
06906150,USGS,CONUS
06906800,USGS,CONUS
06907700,USGS,CONUS
06909500,USGS,CONUS
06909950,USGS,CONUS
06910230,USGS,CONUS
06910750,USGS,CONUS
06910800,USGS,CONUS
06911490,USGS,CONUS
06911900,USGS,CONUS
06914000,USGS,CONUS
06917000,USGS,CONUS
06917500,USGS,CONUS
06918460,USGS,CONUS
06919500,USGS,CONUS
06921070,USGS,CONUS
06921200,USGS,CONUS
06921590,USGS,CONUS
06921600,USGS,CONUS
06921720,USGS,CONUS
06923940,USGS,CONUS
06927000,USGS,CONUS
06928000,USGS,CONUS
06928300,USGS,CONUS
06930000,USGS,CONUS
06932000,USGS,CONUS
07001985,USGS,CONUS
07010350,USGS,CONUS
07014000,USGS,CONUS
07017200,USGS,CONUS
07021000,USGS,CONUS
07025400,USGS,CONUS
07030392,USGS,CONUS
07030500,USGS,CONUS
07037500,USGS,CONUS
07048550,USGS,CONUS
07049000,USGS,CONUS
07050152,USGS,CONUS
07050500,USGS,CONUS
07050690,USGS,CONUS
07050700,USGS,CONUS
07053250,USGS,CONUS
07053810,USGS,CONUS
07054080,USGS,CONUS
07055646,USGS,CONUS
07055875,USGS,CONUS
07056515,USGS,CONUS
07057500,USGS,CONUS
07058000,USGS,CONUS
07060710,USGS,CONUS
07061270,USGS,CONUS
07064440,USGS,CONUS
07065200,USGS,CONUS
07071500,USGS,CONUS
07072000,USGS,CONUS
07075000,USGS,CONUS
07083000,USGS,CONUS
07096250,USGS,CONUS
07103700,USGS,CONUS
07103780,USGS,CONUS
07105490,USGS,CONUS
07126200,USGS,CONUS
07126300,USGS,CONUS
07142300,USGS,CONUS
07144780,USGS,CONUS
07145700,USGS,CONUS
07148400,USGS,CONUS
07149000,USGS,CONUS
07151500,USGS,CONUS
07157500,USGS,CONUS
07160500,USGS,CONUS
07164600,USGS,CONUS
07165562,USGS,CONUS
07167500,USGS,CONUS
07180500,USGS,CONUS
07184000,USGS,CONUS
07185090,USGS,CONUS
07185910,USGS,CONUS
07187000,USGS,CONUS
07188653,USGS,CONUS
07189100,USGS,CONUS
07191222,USGS,CONUS
07195800,USGS,CONUS
07196900,USGS,CONUS
07197360,USGS,CONUS
07208500,USGS,CONUS
07226500,USGS,CONUS
07233500,USGS,CONUS
07241780,USGS,CONUS
07247250,USGS,CONUS
07249400,USGS,CONUS
07249800,USGS,CONUS
07249920,USGS,CONUS
07250935,USGS,CONUS
07250974,USGS,CONUS
07252000,USGS,CONUS
07257006,USGS,CONUS
07257500,USGS,CONUS
07260000,USGS,CONUS
07261000,USGS,CONUS
07263295,USGS,CONUS
072632962,USGS,CONUS
072632982,USGS,CONUS
07274000,USGS,CONUS
07283000,USGS,CONUS
07288280,USGS,CONUS
07291000,USGS,CONUS
07299670,USGS,CONUS
07301410,USGS,CONUS
07303400,USGS,CONUS
07311500,USGS,CONUS
07311800,USGS,CONUS
07312200,USGS,CONUS
07315200,USGS,CONUS
07315700,USGS,CONUS
07325860,USGS,CONUS
07329780,USGS,CONUS
07331300,USGS,CONUS
07332390,USGS,CONUS
07335700,USGS,CONUS
07337900,USGS,CONUS
07340300,USGS,CONUS
07342480,USGS,CONUS
07342500,USGS,CONUS
07346045,USGS,CONUS
07348700,USGS,CONUS
07351500,USGS,CONUS
07359610,USGS,CONUS
07360200,USGS,CONUS
07362100,USGS,CONUS
07362587,USGS,CONUS
07366200,USGS,CONUS
07372200,USGS,CONUS
07373000,USGS,CONUS
07375000,USGS,CONUS
07375800,USGS,CONUS
07376500,USGS,CONUS
07377000,USGS,CONUS
07378000,USGS,CONUS
08010000,USGS,CONUS
08013000,USGS,CONUS
08014500,USGS,CONUS
08017300,USGS,CONUS
08020700,USGS,CONUS
08023080,USGS,CONUS
08023400,USGS,CONUS
08025500,USGS,CONUS
08029500,USGS,CONUS
08031000,USGS,CONUS
08041500,USGS,CONUS
08041700,USGS,CONUS
08047500,USGS,CONUS
08049700,USGS,CONUS
08050800,USGS,CONUS
08050840,USGS,CONUS
08053500,USGS,CONUS
08057200,USGS,CONUS
08064100,USGS,CONUS
08065200,USGS,CONUS
08066200,USGS,CONUS
08066300,USGS,CONUS
08068325,USGS,CONUS
08068780,USGS,CONUS
08070000,USGS,CONUS
08070500,USGS,CONUS
08075000,USGS,CONUS
08079600,USGS,CONUS
08082700,USGS,CONUS
08086212,USGS,CONUS
08095300,USGS,CONUS
08099300,USGS,CONUS
08101000,USGS,CONUS
08103900,USGS,CONUS
0810464660,USGS,CONUS
08104900,USGS,CONUS
08109700,USGS,CONUS
08128400,USGS,CONUS
08130700,USGS,CONUS
08131400,USGS,CONUS
08133250,USGS,CONUS
08144500,USGS,CONUS
08150800,USGS,CONUS
08152900,USGS,CONUS
08154700,USGS,CONUS
08155200,USGS,CONUS
08158700,USGS,CONUS
08158810,USGS,CONUS
08158860,USGS,CONUS
08159000,USGS,CONUS
08164000,USGS,CONUS
08164300,USGS,CONUS
08164600,USGS,CONUS
08165300,USGS,CONUS
08165500,USGS,CONUS
08166000,USGS,CONUS
08171290,USGS,CONUS
08175000,USGS,CONUS
08176900,USGS,CONUS
08177300,USGS,CONUS
08178880,USGS,CONUS
08181480,USGS,CONUS
08186500,USGS,CONUS
08189200,USGS,CONUS
08189300,USGS,CONUS
08190000,USGS,CONUS
08190500,USGS,CONUS
08194200,USGS,CONUS
08195000,USGS,CONUS
08196000,USGS,CONUS
08198000,USGS,CONUS
08200000,USGS,CONUS
08200977,USGS,CONUS
08201500,USGS,CONUS
08202700,USGS,CONUS
08210400,USGS,CONUS
08212400,USGS,CONUS
08267500,USGS,CONUS
08269000,USGS,CONUS
08271000,USGS,CONUS
08277470,USGS,CONUS
08302500,USGS,CONUS
08315480,USGS,CONUS
08324000,USGS,CONUS
08340500,USGS,CONUS
08377900,USGS,CONUS
08380500,USGS,CONUS
08386505,USGS,CONUS
08400000,USGS,CONUS
08401200,USGS,CONUS
08405105,USGS,CONUS
08408500,USGS,CONUS
08447020,USGS,CONUS
09035900,USGS,CONUS
09050100,USGS,CONUS
09051050,USGS,CONUS
09059500,USGS,CONUS
09064600,USGS,CONUS
09065500,USGS,CONUS
09066000,USGS,CONUS
09081600,USGS,CONUS
09107000,USGS,CONUS
09112500,USGS,CONUS
09115500,USGS,CONUS
09124500,USGS,CONUS
09146020,USGS,CONUS
09183600,USGS,CONUS
09188500,USGS,CONUS
09196500,USGS,CONUS
09210500,USGS,CONUS
09217900,USGS,CONUS
09223000,USGS,CONUS
09238900,USGS,CONUS
09253000,USGS,CONUS
09258980,USGS,CONUS
09266500,USGS,CONUS
09292000,USGS,CONUS
09306242,USGS,CONUS
09310700,USGS,CONUS
09312600,USGS,CONUS
09329050,USGS,CONUS
09352900,USGS,CONUS
09359500,USGS,CONUS
09386900,USGS,CONUS
09399400,USGS,CONUS
09401110,USGS,CONUS
09404110,USGS,CONUS
09404208,USGS,CONUS
09404222,USGS,CONUS
09404343,USGS,CONUS
09404450,USGS,CONUS
09405500,USGS,CONUS
09408000,USGS,CONUS
09413900,USGS,CONUS
09424447,USGS,CONUS
09430500,USGS,CONUS
09430600,USGS,CONUS
09444200,USGS,CONUS
09447800,USGS,CONUS
09470750,USGS,CONUS
09470800,USGS,CONUS
09484000,USGS,CONUS
09484550,USGS,CONUS
09484580,USGS,CONUS
09484600,USGS,CONUS
09485000,USGS,CONUS
09487000,USGS,CONUS
09489500,USGS,CONUS
09492400,USGS,CONUS
09497800,USGS,CONUS
09497980,USGS,CONUS
094985005,USGS,CONUS
09498502,USGS,CONUS
09499000,USGS,CONUS
09504420,USGS,CONUS
09505200,USGS,CONUS
09505350,USGS,CONUS
09505800,USGS,CONUS
09507980,USGS,CONUS
09508300,USGS,CONUS
09510200,USGS,CONUS
09512280,USGS,CONUS
09513780,USGS,CONUS
09537200,USGS,CONUS
10011500,USGS,CONUS
10023000,USGS,CONUS
10109000,USGS,CONUS
10128500,USGS,CONUS
10146400,USGS,CONUS
10149400,USGS,CONUS
10166430,USGS,CONUS
10172700,USGS,CONUS
10172860,USGS,CONUS
10172870,USGS,CONUS
10173450,USGS,CONUS
10205030,USGS,CONUS
10234500,USGS,CONUS
10242000,USGS,CONUS
10243260,USGS,CONUS
10243700,USGS,CONUS
10249300,USGS,CONUS
10257600,USGS,CONUS
10258000,USGS,CONUS
10258500,USGS,CONUS
10259000,USGS,CONUS
10259200,USGS,CONUS
10263500,USGS,CONUS
10308200,USGS,CONUS
10308794,USGS,CONUS
10310000,USGS,CONUS
10310500,USGS,CONUS
10316500,USGS,CONUS
10321590,USGS,CONUS
10321940,USGS,CONUS
10329500,USGS,CONUS
103366092,USGS,CONUS
10336645,USGS,CONUS
10336660,USGS,CONUS
10347310,USGS,CONUS
10352500,USGS,CONUS
10396000,USGS,CONUS
11014000,USGS,CONUS
11015000,USGS,CONUS
11023000,USGS,CONUS
11042400,USGS,CONUS
11046300,USGS,CONUS
11046360,USGS,CONUS
11055800,USGS,CONUS
11063510,USGS,CONUS
11098000,USGS,CONUS
11111500,USGS,CONUS
11114495,USGS,CONUS
11118500,USGS,CONUS
11120500,USGS,CONUS
11124500,USGS,CONUS
11129800,USGS,CONUS
11138500,USGS,CONUS
11141280,USGS,CONUS
11143000,USGS,CONUS
11147500,USGS,CONUS
11148900,USGS,CONUS
11151300,USGS,CONUS
11152000,USGS,CONUS
11162500,USGS,CONUS
11162570,USGS,CONUS
11169800,USGS,CONUS
11172945,USGS,CONUS
11173200,USGS,CONUS
11176400,USGS,CONUS
11180500,USGS,CONUS
11180900,USGS,CONUS
11200800,USGS,CONUS
11203580,USGS,CONUS
11224500,USGS,CONUS
11253310,USGS,CONUS
11264500,USGS,CONUS
11274500,USGS,CONUS
11274630,USGS,CONUS
11274790,USGS,CONUS
11284400,USGS,CONUS
11299600,USGS,CONUS
11335000,USGS,CONUS
11374000,USGS,CONUS
11381500,USGS,CONUS
11383500,USGS,CONUS
11402000,USGS,CONUS
11413000,USGS,CONUS
11449500,USGS,CONUS
11451100,USGS,CONUS
11456000,USGS,CONUS
11458000,USGS,CONUS
11461000,USGS,CONUS
11467000,USGS,CONUS
11467200,USGS,CONUS
11467510,USGS,CONUS
11468000,USGS,CONUS
11468500,USGS,CONUS
11468900,USGS,CONUS
11473900,USGS,CONUS
11475800,USGS,CONUS
11476600,USGS,CONUS
11478500,USGS,CONUS
11480390,USGS,CONUS
11481000,USGS,CONUS
11481200,USGS,CONUS
11481500,USGS,CONUS
11521500,USGS,CONUS
11522500,USGS,CONUS
11523200,USGS,CONUS
11525530,USGS,CONUS
11525670,USGS,CONUS
11528700,USGS,CONUS
11532500,USGS,CONUS
12010000,USGS,CONUS
12013500,USGS,CONUS
12020000,USGS,CONUS
12024000,USGS,CONUS
12025700,USGS,CONUS
12035000,USGS,CONUS
12039005,USGS,CONUS
12039500,USGS,CONUS
12040500,USGS,CONUS
12041200,USGS,CONUS
12043000,USGS,CONUS
12043300,USGS,CONUS
12048000,USGS,CONUS
12054000,USGS,CONUS
12056500,USGS,CONUS
12060500,USGS,CONUS
12079000,USGS,CONUS
12082500,USGS,CONUS
12092000,USGS,CONUS
12094000,USGS,CONUS
12095000,USGS,CONUS
12097500,USGS,CONUS
12108500,USGS,CONUS
12114500,USGS,CONUS
12115500,USGS,CONUS
12117000,USGS,CONUS
12120600,USGS,CONUS
12134500,USGS,CONUS
12137290,USGS,CONUS
12141300,USGS,CONUS
12142000,USGS,CONUS
12143400,USGS,CONUS
12145500,USGS,CONUS
12155300,USGS,CONUS
12158040,USGS,CONUS
12167000,USGS,CONUS
12175500,USGS,CONUS
12178100,USGS,CONUS
12179900,USGS,CONUS
12182500,USGS,CONUS
12186000,USGS,CONUS
12201500,USGS,CONUS
12205000,USGS,CONUS
12208000,USGS,CONUS
12210000,USGS,CONUS
12210900,USGS,CONUS
12302055,USGS,CONUS
12304500,USGS,CONUS
12323670,USGS,CONUS
12323710,USGS,CONUS
12324590,USGS,CONUS
12330000,USGS,CONUS
12332000,USGS,CONUS
12354000,USGS,CONUS
12358500,USGS,CONUS
12359800,USGS,CONUS
12363000,USGS,CONUS
12370000,USGS,CONUS
12374250,USGS,CONUS
12377150,USGS,CONUS
12381400,USGS,CONUS
12390700,USGS,CONUS
12392155,USGS,CONUS
12395000,USGS,CONUS
12411000,USGS,CONUS
12413125,USGS,CONUS
12413130,USGS,CONUS
12413370,USGS,CONUS
12413875,USGS,CONUS
12424000,USGS,CONUS
12447383,USGS,CONUS
12447390,USGS,CONUS
12451000,USGS,CONUS
12452800,USGS,CONUS
12452890,USGS,CONUS
12456500,USGS,CONUS
12458000,USGS,CONUS
12488500,USGS,CONUS
13010065,USGS,CONUS
13011500,USGS,CONUS
13011900,USGS,CONUS
13016305,USGS,CONUS
13023000,USGS,CONUS
13032500,USGS,CONUS
13037500,USGS,CONUS
13046995,USGS,CONUS
13083000,USGS,CONUS
13139510,USGS,CONUS
13148500,USGS,CONUS
13161500,USGS,CONUS
13162225,USGS,CONUS
13185000,USGS,CONUS
13186000,USGS,CONUS
13190500,USGS,CONUS
13215000,USGS,CONUS
13217500,USGS,CONUS
13233300,USGS,CONUS
13235000,USGS,CONUS
13237920,USGS,CONUS
13239000,USGS,CONUS
13240000,USGS,CONUS
13247500,USGS,CONUS
13266000,USGS,CONUS
13296500,USGS,CONUS
13297330,USGS,CONUS
13306385,USGS,CONUS
13309220,USGS,CONUS
13310700,USGS,CONUS
13313000,USGS,CONUS
13331500,USGS,CONUS
13334450,USGS,CONUS
13336500,USGS,CONUS
13337000,USGS,CONUS
13338500,USGS,CONUS
13339500,USGS,CONUS
13340600,USGS,CONUS
13346800,USGS,CONUS
13348000,USGS,CONUS
14013000,USGS,CONUS
14020000,USGS,CONUS
14020300,USGS,CONUS
14033500,USGS,CONUS
14036860,USGS,CONUS
14046890,USGS,CONUS
14092750,USGS,CONUS
14096850,USGS,CONUS
14107000,USGS,CONUS
14113200,USGS,CONUS
14137000,USGS,CONUS
14138800,USGS,CONUS
14138870,USGS,CONUS
14138900,USGS,CONUS
14139800,USGS,CONUS
14141500,USGS,CONUS
14150800,USGS,CONUS
14154500,USGS,CONUS
14158500,USGS,CONUS
14158790,USGS,CONUS
14159200,USGS,CONUS
14161500,USGS,CONUS
14166500,USGS,CONUS
14178000,USGS,CONUS
14179000,USGS,CONUS
14180300,USGS,CONUS
14182500,USGS,CONUS
14185000,USGS,CONUS
14185900,USGS,CONUS
14187000,USGS,CONUS
14211400,USGS,CONUS
14211500,USGS,CONUS
14216000,USGS,CONUS
14216500,USGS,CONUS
14219000,USGS,CONUS
14222500,USGS,CONUS
14226500,USGS,CONUS
14236200,USGS,CONUS
14242580,USGS,CONUS
14299800,USGS,CONUS
14301000,USGS,CONUS
14301500,USGS,CONUS
14302480,USGS,CONUS
14305500,USGS,CONUS
14306500,USGS,CONUS
14307620,USGS,CONUS
14308000,USGS,CONUS
14308500,USGS,CONUS
14308990,USGS,CONUS
14309500,USGS,CONUS
14315950,USGS,CONUS
14316455,USGS,CONUS
14316495,USGS,CONUS
14316700,USGS,CONUS
14318000,USGS,CONUS
14325000,USGS,CONUS
14357500,USGS,CONUS
14362250,USGS,CONUS
14375100,USGS,CONUS
14400000,USGS,CONUS
16103000,USGS,Hawaii
16294100,USGS,Hawaii
16704000,USGS,Hawaii
402114105350101,USGS,CONUS
50043800,USGS,Puerto Rico
50075500,USGS,Puerto Rico
50147800,USGS,Puerto Rico
CDR,CADWR,CONUS
CHC,CADWR,CONUS
CLV,CADWR,CONUS
CMF,CADWR,CONUS
CNF,CADWR,CONUS
DCM,CADWR,CONUS
EVA,CADWR,CONUS
ICR,CADWR,CONUS
JBR,CADWR,CONUS
LCB,CADWR,CONUS
LCV,CADWR,CONUS
MCD,CADWR,CONUS
MCK,CADWR,CONUS
MFP,CADWR,CONUS
MPD,CADWR,CONUS
MSS,CADWR,CONUS
MTK,CADWR,CONUS
NFW,CADWR,CONUS
PDR,CADWR,CONUS
RBW,CADWR,CONUS
RCS,CADWR,CONUS
SFH,CADWR,CONUS
SMW,CADWR,CONUS
STO,CADWR,CONUS
TRR,CADWR,CONUS
16010000,USGS,Hawaii
16019000,USGS,Hawaii
16060000,USGS,Hawaii
16068000,USGS,Hawaii
16071500,USGS,Hawaii
16108000,USGS,Hawaii
16200000,USGS,Hawaii
16211600,USGS,Hawaii
16213000,USGS,Hawaii
16226200,USGS,Hawaii
16226400,USGS,Hawaii
16301050,USGS,Hawaii
16304200,USGS,Hawaii
16345000,USGS,Hawaii
16400000,USGS,Hawaii
16414200,USGS,Hawaii
16501200,USGS,Hawaii
16508000,USGS,Hawaii
16518000,USGS,Hawaii
16587000,USGS,Hawaii
16604500,USGS,Hawaii
16614000,USGS,Hawaii
16618000,USGS,Hawaii
16620000,USGS,Hawaii
16717000,USGS,Hawaii
16720000,USGS,Hawaii
16725000,USGS,Hawaii
16770500,USGS,Hawaii
50014800,USGS,Puerto Rico
50025155,USGS,Puerto Rico
50027000,USGS,Puerto Rico
50028000,USGS,Puerto Rico
50028400,USGS,Puerto Rico
50034000,USGS,Puerto Rico
50035000,USGS,Puerto Rico
50038100,USGS,Puerto Rico
50039500,USGS,Puerto Rico
50039995,USGS,Puerto Rico
50043197,USGS,Puerto Rico
50049100,USGS,Puerto Rico
50049620,USGS,Puerto Rico
50050900,USGS,Puerto Rico
50051310,USGS,Puerto Rico
50051800,USGS,Puerto Rico
50053025,USGS,Puerto Rico
50055000,USGS,Puerto Rico
50055225,USGS,Puerto Rico
50055750,USGS,Puerto Rico
50057000,USGS,Puerto Rico
50058350,USGS,Puerto Rico
50059210,USGS,Puerto Rico
50063800,USGS,Puerto Rico
50064200,USGS,Puerto Rico
50065500,USGS,Puerto Rico
50070900,USGS,Puerto Rico
50075000,USGS,Puerto Rico
50076000,USGS,Puerto Rico
50081000,USGS,Puerto Rico
50083500,USGS,Puerto Rico
50085100,USGS,Puerto Rico
50090500,USGS,Puerto Rico
50092000,USGS,Puerto Rico
50093000,USGS,Puerto Rico
50100200,USGS,Puerto Rico
50100450,USGS,Puerto Rico
50106100,USGS,Puerto Rico
50110650,USGS,Puerto Rico
50110900,USGS,Puerto Rico
50113800,USGS,Puerto Rico
50114900,USGS,Puerto Rico
50124200,USGS,Puerto Rico
50129254,USGS,Puerto Rico
50136400,USGS,Puerto Rico
50138000,USGS,Puerto Rico
50144000,USGS,Puerto Rico
08030530,USGS,CONUS
08031005,USGS,CONUS
08031020,USGS,CONUS
08041788,USGS,CONUS
08041790,USGS,CONUS
08041940,USGS,CONUS
08041945,USGS,CONUS
08041970,USGS,CONUS
08042455,USGS,CONUS
08042468,USGS,CONUS
08042470,USGS,CONUS
08042515,USGS,CONUS
08042539,USGS,CONUS
08064990,USGS,CONUS
08065080,USGS,CONUS
08065310,USGS,CONUS
08065340,USGS,CONUS
08065420,USGS,CONUS
08065700,USGS,CONUS
08065820,USGS,CONUS
08065925,USGS,CONUS
08066087,USGS,CONUS
08066138,USGS,CONUS
08066380,USGS,CONUS
08067280,USGS,CONUS
08067505,USGS,CONUS
08067520,USGS,CONUS
08067653,USGS,CONUS
08068020,USGS,CONUS
08068025,USGS,CONUS
08070220,USGS,CONUS
08070550,USGS,CONUS
08070900,USGS,CONUS
08076990,USGS,CONUS
08077110,USGS,CONUS
08077640,USGS,CONUS
08077670,USGS,CONUS
08077888,USGS,CONUS
08078400,USGS,CONUS
08078890,USGS,CONUS
08078910,USGS,CONUS
08078935,USGS,CONUS
08097000,USGS,CONUS
08098295,USGS,CONUS
08100950,USGS,CONUS
08102730,USGS,CONUS
08108705,USGS,CONUS
08108710,USGS,CONUS
08109310,USGS,CONUS
08110520,USGS,CONUS
08111006,USGS,CONUS
08111051,USGS,CONUS
08111056,USGS,CONUS
08111070,USGS,CONUS
08111080,USGS,CONUS
08111085,USGS,CONUS
08111090,USGS,CONUS
08111110,USGS,CONUS
08117375,USGS,CONUS
08117403,USGS,CONUS
08117857,USGS,CONUS
08117858,USGS,CONUS
08162580,USGS,CONUS
08163720,USGS,CONUS
08163880,USGS,CONUS
08163900,USGS,CONUS
08164150,USGS,CONUS
08164200,USGS,CONUS
08164410,USGS,CONUS
08167000,USGS,CONUS
08169778,USGS,CONUS
08173210,USGS,CONUS
08174545,USGS,CONUS
08180990,USGS,CONUS
08189298,USGS,CONUS
08189320,USGS,CONUS
08189520,USGS,CONUS
08189585,USGS,CONUS
08189590,USGS,CONUS
